{"cameraMode":{"drawMode":0,"name":"Shaded","section":"Shading Mode"},"sceneLighting":true,"audioPlay":false,"sceneViewState":{"showFog":true,"showMaterialUpdate":false,"showSkybox":true,"showFlares":true,"showImageEffects":true,"showParticleSystems":true},"in2DMode":false,"pivot":{"x":0.2911815643310547,"y":7.097561836242676,"z":-11.000551223754883},"rotation":{"x":0.2992424964904785,"y":-0.2698494493961334,"z":0.08864600211381912,"w":0.9109269380569458},"size":15.938458442687989,"orthographic":false}